Кол-во элементов,DynamicArray,LinkedList
100,0.00039075,2.9625e-05
119,0.000299167,1.8791e-05
138,0.000164,2.2542e-05
